{"cameraMode":{"drawMode":0,"name":"Shaded","section":"Shading Mode"},"sceneLighting":false,"audioPlay":false,"sceneViewState":{"m_AlwaysRefresh":false,"showFog":true,"showSkybox":false,"showFlares":true,"showImageEffects":true,"showParticleSystems":true,"showVisualEffectGraphs":true,"m_FxEnabled":true},"in2DMode":false,"pivot":{"x":-0.05319356918334961,"y":0.03772655129432678,"z":0.26185548305511477},"rotation":{"x":-0.09011612087488175,"y":0.755337655544281,"z":-0.10629696398973465,"w":-0.6403536200523377},"size":0.36854028701782229,"orthographic":false}