{"cameraMode":{"drawMode":0,"name":"Shaded","section":"Shading Mode"},"sceneLighting":false,"audioPlay":false,"sceneViewState":{"m_AlwaysRefresh":false,"showFog":true,"showSkybox":false,"showFlares":true,"showImageEffects":true,"showParticleSystems":true,"showVisualEffectGraphs":true,"m_FxEnabled":true},"in2DMode":false,"pivot":{"x":-0.14077922701835633,"y":-0.1913873553276062,"z":0.17295587062835694},"rotation":{"x":-0.18748332560062409,"y":0.4753021001815796,"z":-0.10448600351810456,"w":-0.8532842993736267},"size":0.4017607271671295,"orthographic":false}