{"cameraMode":{"drawMode":0,"name":"Shaded","section":"Shading Mode"},"sceneLighting":false,"audioPlay":false,"sceneViewState":{"m_AlwaysRefresh":false,"showFog":true,"showSkybox":false,"showFlares":true,"showImageEffects":true,"showParticleSystems":true,"showVisualEffectGraphs":true,"m_FxEnabled":true},"in2DMode":false,"pivot":{"x":0.09269997477531433,"y":0.04353088140487671,"z":0.20030054450035096},"rotation":{"x":-0.13445861637592317,"y":0.7480894327163696,"z":-0.159704327583313,"w":-0.6299567222595215},"size":0.25098633766174319,"orthographic":false}