{"cameraMode":{"drawMode":0,"name":"Shaded","section":"Shading Mode"},"sceneLighting":false,"audioPlay":false,"sceneViewState":{"m_AlwaysRefresh":false,"showFog":true,"showSkybox":false,"showFlares":true,"showImageEffects":true,"showParticleSystems":true,"showVisualEffectGraphs":true,"m_FxEnabled":true},"in2DMode":false,"pivot":{"x":-0.0359501838684082,"y":0.416573703289032,"z":0.21914860606193543},"rotation":{"x":-0.07835541665554047,"y":0.7449691295623779,"z":-0.08894199877977371,"w":-0.6565340757369995},"size":1.6774578094482422,"orthographic":false}