{"cameraMode":{"drawMode":0,"name":"Shaded","section":"Shading Mode"},"sceneLighting":false,"audioPlay":false,"sceneViewState":{"m_AlwaysRefresh":false,"showFog":true,"showSkybox":false,"showFlares":true,"showImageEffects":true,"showParticleSystems":true,"showVisualEffectGraphs":true,"m_FxEnabled":true},"in2DMode":false,"pivot":{"x":-1.4343314170837403,"y":0.19545146822929383,"z":0.5562872886657715},"rotation":{"x":-0.06192115321755409,"y":0.8539830446243286,"z":-0.10455138236284256,"w":-0.5059793591499329},"size":1.879571795463562,"orthographic":false}