{"cameraMode":{"drawMode":0,"name":"Shaded","section":"Shading Mode"},"sceneLighting":false,"audioPlay":false,"sceneViewState":{"m_AlwaysRefresh":false,"showFog":true,"showSkybox":false,"showFlares":true,"showImageEffects":true,"showParticleSystems":true,"showVisualEffectGraphs":true,"m_FxEnabled":true},"in2DMode":false,"pivot":{"x":0.7989258766174316,"y":0.4055871367454529,"z":1.0259113311767579},"rotation":{"x":-0.10226250439882279,"y":0.4152221977710724,"z":-0.047062553465366366,"w":-0.9027568101882935},"size":2.0480895042419435,"orthographic":false}