{"cameraMode":{"drawMode":0,"name":"Shaded","section":"Shading Mode"},"sceneLighting":false,"audioPlay":false,"sceneViewState":{"m_AlwaysRefresh":false,"showFog":true,"showSkybox":false,"showFlares":true,"showImageEffects":true,"showParticleSystems":true,"showVisualEffectGraphs":true,"m_FxEnabled":true},"in2DMode":false,"pivot":{"x":162.04483032226563,"y":105.98245239257813,"z":-120.71047973632813},"rotation":{"x":-0.2974700331687927,"y":0.12641136348247529,"z":-0.03980318456888199,"w":-0.9455243945121765},"size":280.55035400390627,"orthographic":false}