{"cameraMode":{"drawMode":0,"name":"Shaded","section":"Shading Mode"},"sceneLighting":false,"audioPlay":false,"sceneViewState":{"m_AlwaysRefresh":false,"showFog":true,"showSkybox":false,"showFlares":true,"showImageEffects":true,"showParticleSystems":true,"showVisualEffectGraphs":true,"m_FxEnabled":true},"in2DMode":false,"pivot":{"x":-0.6793344020843506,"y":0.29685914516448977,"z":-1.0735942125320435},"rotation":{"x":-0.06631281971931458,"y":0.878088653087616,"z":-0.12761233747005464,"w":-0.4564546048641205},"size":0.8660253882408142,"orthographic":false}