{"cameraMode":{"drawMode":0,"name":"Shaded","section":"Shading Mode"},"sceneLighting":false,"audioPlay":false,"sceneViewState":{"m_AlwaysRefresh":false,"showFog":true,"showSkybox":false,"showFlares":true,"showImageEffects":true,"showParticleSystems":true,"showVisualEffectGraphs":true,"m_FxEnabled":true},"in2DMode":false,"pivot":{"x":-0.034307122230529788,"y":0.18667250871658326,"z":-0.3776700496673584},"rotation":{"x":0.21544860303401948,"y":-0.5519736409187317,"z":0.1503085345029831,"w":0.7914418578147888},"size":1.3143484592437745,"orthographic":false}