{"cameraMode":{"drawMode":0,"name":"Shaded","section":"Shading Mode"},"sceneLighting":false,"audioPlay":false,"sceneViewState":{"m_AlwaysRefresh":false,"showFog":true,"showSkybox":false,"showFlares":true,"showImageEffects":true,"showParticleSystems":true,"showVisualEffectGraphs":true,"m_FxEnabled":true},"in2DMode":false,"pivot":{"x":-0.058862000703811648,"y":0.009964391589164734,"z":0.09582819044589997},"rotation":{"x":-0.12857234477996827,"y":0.6674822568893433,"z":-0.11858713626861572,"w":-0.7238385677337647},"size":0.2455282360315323,"orthographic":false}