{"cameraMode":{"drawMode":0,"name":"Shaded","section":"Shading Mode"},"sceneLighting":false,"audioPlay":false,"sceneViewState":{"m_AlwaysRefresh":false,"showFog":true,"showSkybox":false,"showFlares":true,"showImageEffects":true,"showParticleSystems":true,"showVisualEffectGraphs":true,"m_FxEnabled":true},"in2DMode":false,"pivot":{"x":0.046553805470466617,"y":0.07096618413925171,"z":-0.12828759849071504},"rotation":{"x":-0.07782501727342606,"y":0.7090641856193543,"z":-0.07926373928785324,"w":-0.696389377117157},"size":0.11164434999227524,"orthographic":false}