{"cameraMode":{"drawMode":0,"name":"Shaded","section":"Shading Mode"},"sceneLighting":false,"audioPlay":false,"sceneViewState":{"m_AlwaysRefresh":false,"showFog":true,"showSkybox":false,"showFlares":true,"showImageEffects":true,"showParticleSystems":true,"showVisualEffectGraphs":true,"m_FxEnabled":true},"in2DMode":false,"pivot":{"x":-0.023201584815979005,"y":0.08715148270130158,"z":0.176934614777565},"rotation":{"x":-0.10309553146362305,"y":0.674443244934082,"z":-0.09596006572246552,"w":-0.7248151302337647},"size":0.1888580620288849,"orthographic":false}