{"cameraMode":{"drawMode":0,"name":"Shaded","section":"Shading Mode"},"sceneLighting":false,"audioPlay":false,"sceneViewState":{"m_AlwaysRefresh":false,"showFog":true,"showSkybox":false,"showFlares":true,"showImageEffects":true,"showParticleSystems":true,"showVisualEffectGraphs":true,"m_FxEnabled":true},"in2DMode":false,"pivot":{"x":-0.3329637944698334,"y":1.6380305290222169,"z":-1.4247550964355469},"rotation":{"x":-0.035376038402318957,"y":-0.8440830111503601,"z":0.05602993816137314,"w":-0.5321730375289917},"size":4.8241095542907719,"orthographic":false}