{"cameraMode":{"drawMode":0,"name":"Shaded","section":"Shading Mode"},"sceneLighting":false,"audioPlay":false,"sceneViewState":{"m_AlwaysRefresh":false,"showFog":true,"showSkybox":false,"showFlares":true,"showImageEffects":true,"showParticleSystems":true,"showVisualEffectGraphs":true,"m_FxEnabled":true},"in2DMode":false,"pivot":{"x":-0.17768502235412599,"y":0.006207868456840515,"z":-0.2075534462928772},"rotation":{"x":-0.21931731700897218,"y":-0.7074623703956604,"z":0.24849249422550202,"w":-0.6242808699607849},"size":1.1544148921966553,"orthographic":false}