{"cameraMode":{"drawMode":0,"name":"Shaded","section":"Shading Mode"},"sceneLighting":false,"audioPlay":false,"sceneViewState":{"m_AlwaysRefresh":false,"showFog":true,"showSkybox":false,"showFlares":true,"showImageEffects":true,"showParticleSystems":true,"showVisualEffectGraphs":true,"m_FxEnabled":true},"in2DMode":false,"pivot":{"x":0.2917773723602295,"y":0.2532826364040375,"z":-0.5727196931838989},"rotation":{"x":-0.035376038402318957,"y":-0.8440830111503601,"z":0.05602993816137314,"w":-0.5321730375289917},"size":0.9017338752746582,"orthographic":false}