{"cameraMode":{"drawMode":0,"name":"Shaded","section":"Shading Mode"},"sceneLighting":false,"audioPlay":false,"sceneViewState":{"m_AlwaysRefresh":false,"showFog":true,"showSkybox":false,"showFlares":true,"showImageEffects":true,"showParticleSystems":true,"showVisualEffectGraphs":true,"m_FxEnabled":true},"in2DMode":false,"pivot":{"x":-0.07762598991394043,"y":0.18458931148052216,"z":-0.5584362745285034},"rotation":{"x":-0.21931731700897218,"y":-0.7074623703956604,"z":0.24849249422550202,"w":-0.6242808699607849},"size":0.8660253882408142,"orthographic":false}