{"cameraMode":{"drawMode":0,"name":"Shaded","section":"Shading Mode"},"sceneLighting":false,"audioPlay":false,"sceneViewState":{"m_AlwaysRefresh":false,"showFog":true,"showSkybox":false,"showFlares":true,"showImageEffects":true,"showParticleSystems":true,"showVisualEffectGraphs":true,"m_FxEnabled":true},"in2DMode":false,"pivot":{"x":-0.18791282176971436,"y":-0.0060029178857803349,"z":0.10190212726593018},"rotation":{"x":-0.0959145799279213,"y":0.5833383798599243,"z":-0.06964661180973053,"w":-0.8035768866539002},"size":0.27119919657707217,"orthographic":false}