{"cameraMode":{"drawMode":0,"name":"Shaded","section":"Shading Mode"},"sceneLighting":false,"audioPlay":false,"sceneViewState":{"m_AlwaysRefresh":false,"showFog":true,"showSkybox":false,"showFlares":true,"showImageEffects":true,"showParticleSystems":true,"showVisualEffectGraphs":true,"m_FxEnabled":true},"in2DMode":false,"pivot":{"x":-0.02328205108642578,"y":0.08156508207321167,"z":0.45809823274612429},"rotation":{"x":-0.0808110162615776,"y":0.6714009046554565,"z":-0.07402383536100388,"w":-0.732951819896698},"size":0.31732356548309328,"orthographic":false}