{"cameraMode":{"drawMode":0,"name":"Shaded","section":"Shading Mode"},"sceneLighting":false,"audioPlay":false,"sceneViewState":{"m_AlwaysRefresh":false,"showFog":true,"showSkybox":false,"showFlares":true,"showImageEffects":true,"showParticleSystems":true,"showVisualEffectGraphs":true,"m_FxEnabled":true},"in2DMode":false,"pivot":{"x":0.058226704597473147,"y":1.0564520359039307,"z":-1.0485522747039796},"rotation":{"x":-0.11500276625156403,"y":0.6995240449905396,"z":-0.11562488973140717,"w":-0.6957577466964722},"size":1.045227289199829,"orthographic":false}