{"cameraMode":{"drawMode":0,"name":"Shaded","section":"Shading Mode"},"sceneLighting":false,"audioPlay":false,"sceneViewState":{"m_AlwaysRefresh":false,"showFog":true,"showSkybox":false,"showFlares":true,"showImageEffects":true,"showParticleSystems":true,"showVisualEffectGraphs":true,"m_FxEnabled":true},"in2DMode":false,"pivot":{"x":0.18373264372348786,"y":0.12243275344371796,"z":0.05934123694896698},"rotation":{"x":-0.1586291790008545,"y":0.6035966277122498,"z":-0.12413810938596726,"w":-0.7714724540710449},"size":0.170793354511261,"orthographic":false}