{"cameraMode":{"drawMode":0,"name":"Shaded","section":"Shading Mode"},"sceneLighting":false,"audioPlay":false,"sceneViewState":{"m_AlwaysRefresh":false,"showFog":true,"showSkybox":false,"showFlares":true,"showImageEffects":true,"showParticleSystems":true,"showVisualEffectGraphs":true,"m_FxEnabled":true},"in2DMode":false,"pivot":{"x":-0.0019378024153411389,"y":0.0186979491263628,"z":0.00404737563803792},"rotation":{"x":-0.10983813554048538,"y":0.3083132207393646,"z":-0.03588842228055,"w":-0.9442667365074158},"size":0.03439917042851448,"orthographic":false}