{"cameraMode":{"drawMode":0,"name":"Shaded","section":"Shading Mode"},"sceneLighting":false,"audioPlay":false,"sceneViewState":{"m_AlwaysRefresh":false,"showFog":true,"showSkybox":false,"showFlares":true,"showImageEffects":true,"showParticleSystems":true,"showVisualEffectGraphs":true,"m_FxEnabled":true},"in2DMode":false,"pivot":{"x":0.0482705682516098,"y":0.12398171424865723,"z":-0.07659246027469635},"rotation":{"x":-0.05159039422869682,"y":0.6030763983726502,"z":-0.03915410488843918,"w":-0.7950944304466248},"size":0.09105424582958222,"orthographic":false}