{"cameraMode":{"drawMode":0,"name":"Shaded","section":"Shading Mode"},"sceneLighting":false,"audioPlay":false,"sceneViewState":{"m_AlwaysRefresh":false,"showFog":true,"showSkybox":false,"showFlares":true,"showImageEffects":true,"showParticleSystems":true,"showVisualEffectGraphs":true,"m_FxEnabled":true},"in2DMode":false,"pivot":{"x":0.06920412182807923,"y":0.11708040535449982,"z":0.038151681423187259},"rotation":{"x":-0.1502886712551117,"y":0.45070114731788638,"z":-0.07729338109493256,"w":-0.8765705227851868},"size":0.2290082424879074,"orthographic":false}