{"cameraMode":{"drawMode":0,"name":"Shaded","section":"Shading Mode"},"sceneLighting":false,"audioPlay":false,"sceneViewState":{"m_AlwaysRefresh":false,"showFog":true,"showSkybox":false,"showFlares":true,"showImageEffects":true,"showParticleSystems":true,"showVisualEffectGraphs":true,"m_FxEnabled":true},"in2DMode":false,"pivot":{"x":0.6738307476043701,"y":-0.06837940216064453,"z":-1.056968331336975},"rotation":{"x":-0.10483240336179733,"y":-0.5193896293640137,"z":0.06433949619531632,"w":-0.8456832766532898},"size":1.2052128314971924,"orthographic":false}