{"cameraMode":{"drawMode":0,"name":"Shaded","section":"Shading Mode"},"sceneLighting":false,"audioPlay":false,"sceneViewState":{"m_AlwaysRefresh":false,"showFog":true,"showSkybox":false,"showFlares":true,"showImageEffects":true,"showParticleSystems":true,"showVisualEffectGraphs":true,"m_FxEnabled":true},"in2DMode":false,"pivot":{"x":-1.2294764518737794,"y":0.6990026235580444,"z":0.7534820437431336},"rotation":{"x":0.06511972099542618,"y":0.8527129292488098,"z":-0.10957609117031098,"w":0.5066531896591187},"size":0.3657143712043762,"orthographic":false}