{"cameraMode":{"drawMode":0,"name":"Shaded","section":"Shading Mode"},"sceneLighting":false,"audioPlay":false,"sceneViewState":{"m_AlwaysRefresh":false,"showFog":true,"showSkybox":false,"showFlares":true,"showImageEffects":true,"showParticleSystems":true,"showVisualEffectGraphs":true,"m_FxEnabled":true},"in2DMode":false,"pivot":{"x":0.0933389663696289,"y":0.004113301634788513,"z":0.13092917203903199},"rotation":{"x":-0.08857930451631546,"y":0.8050023317337036,"z":-0.12440013140439987,"w":-0.5733394622802734},"size":0.19725638628005982,"orthographic":false}