{"cameraMode":{"drawMode":0,"name":"Shaded","section":"Shading Mode"},"sceneLighting":false,"audioPlay":false,"sceneViewState":{"m_AlwaysRefresh":false,"showFog":true,"showSkybox":false,"showFlares":true,"showImageEffects":true,"showParticleSystems":true,"showVisualEffectGraphs":true,"m_FxEnabled":true},"in2DMode":false,"pivot":{"x":-0.03419750928878784,"y":-0.033545494079589847,"z":-0.5079635381698608},"rotation":{"x":0.15447035431861878,"y":0.7001495957374573,"z":-0.1593737155199051,"w":0.6786433458328247},"size":1.829706072807312,"orthographic":false}