{"cameraMode":{"drawMode":0,"name":"Shaded","section":"Shading Mode"},"sceneLighting":false,"audioPlay":false,"sceneViewState":{"m_AlwaysRefresh":false,"showFog":true,"showSkybox":false,"showFlares":true,"showImageEffects":true,"showParticleSystems":true,"showVisualEffectGraphs":true,"m_FxEnabled":true},"in2DMode":false,"pivot":{"x":-3.475590229034424,"y":2.6846556663513185,"z":-3.6947081089019777},"rotation":{"x":0.2232326865196228,"y":0.7163625955581665,"z":-0.26375678181648257,"w":0.6061992049217224},"size":0.012595517560839653,"orthographic":false}