{"cameraMode":{"drawMode":0,"name":"Shaded","section":"Shading Mode"},"sceneLighting":false,"audioPlay":false,"sceneViewState":{"m_AlwaysRefresh":false,"showFog":true,"showSkybox":false,"showFlares":true,"showImageEffects":true,"showParticleSystems":true,"showVisualEffectGraphs":true,"m_FxEnabled":true},"in2DMode":false,"pivot":{"x":-0.3340263366699219,"y":0.12584972381591798,"z":-2.7226643562316896},"rotation":{"x":0.19262433052062989,"y":0.7294602394104004,"z":-0.22827579081058503,"w":0.6154079437255859},"size":1.643080472946167,"orthographic":false}