{"cameraMode":{"drawMode":0,"name":"Shaded","section":"Shading Mode"},"sceneLighting":false,"audioPlay":false,"sceneViewState":{"m_AlwaysRefresh":false,"showFog":true,"showSkybox":false,"showFlares":true,"showImageEffects":true,"showParticleSystems":true,"showVisualEffectGraphs":true,"m_FxEnabled":true},"in2DMode":false,"pivot":{"x":2.1500191688537599,"y":0.9489016532897949,"z":0.9588441848754883},"rotation":{"x":-0.13025903701782227,"y":0.8433160185813904,"z":-0.2364158034324646,"w":-0.46476978063583376},"size":0.5026839375495911,"orthographic":false}