{"cameraMode":{"drawMode":0,"name":"Shaded","section":"Shading Mode"},"sceneLighting":false,"audioPlay":false,"sceneViewState":{"m_AlwaysRefresh":false,"showFog":true,"showSkybox":false,"showFlares":true,"showImageEffects":true,"showParticleSystems":true,"showVisualEffectGraphs":true,"m_FxEnabled":true},"in2DMode":false,"pivot":{"x":0.10016149282455445,"y":0.07568493485450745,"z":0.19900882244110108},"rotation":{"x":0.1354774385690689,"y":-0.7876092195510864,"z":0.18674862384796143,"w":0.5713748931884766},"size":0.5596609711647034,"orthographic":false}