{"cameraMode":{"drawMode":0,"name":"Shaded","section":"Shading Mode"},"sceneLighting":false,"audioPlay":false,"sceneViewState":{"m_AlwaysRefresh":false,"showFog":true,"showSkybox":false,"showFlares":true,"showImageEffects":true,"showParticleSystems":true,"showVisualEffectGraphs":true,"m_FxEnabled":true},"in2DMode":false,"pivot":{"x":-0.06304478645324707,"y":0.29220640659332278,"z":-1.4268076419830323},"rotation":{"x":-0.14042551815509797,"y":0.6473776698112488,"z":-0.1230551227927208,"w":-0.7389929294586182},"size":0.5332526564598084,"orthographic":false}