{"cameraMode":{"drawMode":0,"name":"Shaded","section":"Shading Mode"},"sceneLighting":false,"audioPlay":false,"sceneViewState":{"m_AlwaysRefresh":false,"showFog":true,"showSkybox":false,"showFlares":true,"showImageEffects":true,"showParticleSystems":true,"showVisualEffectGraphs":true,"m_FxEnabled":true},"in2DMode":false,"pivot":{"x":-0.3325958847999573,"y":0.1361929178237915,"z":0.13685566186904908},"rotation":{"x":0.03817230463027954,"y":-0.8956142067909241,"z":0.07840102910995484,"w":0.4362669289112091},"size":1.8960845470428467,"orthographic":false}