{"cameraMode":{"drawMode":0,"name":"Shaded","section":"Shading Mode"},"sceneLighting":false,"audioPlay":false,"sceneViewState":{"m_AlwaysRefresh":false,"showFog":true,"showSkybox":false,"showFlares":true,"showImageEffects":true,"showParticleSystems":true,"showVisualEffectGraphs":true,"m_FxEnabled":true},"in2DMode":false,"pivot":{"x":0.06653642654418946,"y":-0.018462955951690675,"z":-0.3703557252883911},"rotation":{"x":-0.08893509209156037,"y":-0.7956024408340454,"z":0.12047777324914932,"w":-0.5870734453201294},"size":2.125850200653076,"orthographic":false}