{"cameraMode":{"drawMode":0,"name":"Shaded","section":"Shading Mode"},"sceneLighting":false,"audioPlay":false,"sceneViewState":{"m_AlwaysRefresh":false,"showFog":true,"showSkybox":false,"showFlares":true,"showImageEffects":true,"showParticleSystems":true,"showVisualEffectGraphs":true,"m_FxEnabled":true},"in2DMode":false,"pivot":{"x":584.4027099609375,"y":337.8482666015625,"z":100.23895263671875},"rotation":{"x":0.1456482857465744,"y":0.12283257395029068,"z":-0.018203862011432649,"w":0.9815443158149719},"size":250.14085388183595,"orthographic":false}