{"cameraMode":{"drawMode":0,"name":"Shaded","section":"Shading Mode"},"sceneLighting":false,"audioPlay":false,"sceneViewState":{"m_AlwaysRefresh":false,"showFog":true,"showSkybox":false,"showFlares":true,"showImageEffects":true,"showParticleSystems":true,"showVisualEffectGraphs":true,"m_FxEnabled":true},"in2DMode":false,"pivot":{"x":0.010281920433044434,"y":0.04059368371963501,"z":0.016759291291236879},"rotation":{"x":-0.10877905786037445,"y":0.597512423992157,"z":-0.08227145671844483,"w":-0.7902193665504456},"size":0.19716358184814454,"orthographic":false}