{"cameraMode":{"drawMode":0,"name":"Shaded","section":"Shading Mode"},"sceneLighting":false,"audioPlay":false,"sceneViewState":{"m_AlwaysRefresh":false,"showFog":true,"showSkybox":false,"showFlares":true,"showImageEffects":true,"showParticleSystems":true,"showVisualEffectGraphs":true,"m_FxEnabled":true},"in2DMode":false,"pivot":{"x":-0.011242866516113282,"y":0.07848188281059265,"z":0.0920022651553154},"rotation":{"x":-0.07957723736763,"y":0.649689793586731,"z":-0.06868243962526322,"w":-0.7529433965682983},"size":0.15013299882411958,"orthographic":false}