{"cameraMode":{"drawMode":0,"name":"Shaded","section":"Shading Mode"},"sceneLighting":false,"audioPlay":false,"sceneViewState":{"m_AlwaysRefresh":false,"showFog":true,"showSkybox":false,"showFlares":true,"showImageEffects":true,"showParticleSystems":true,"showVisualEffectGraphs":true,"m_FxEnabled":true},"in2DMode":false,"pivot":{"x":-0.010099411010742188,"y":0.16591668128967286,"z":1.0514593124389649},"rotation":{"x":-0.13156120479106904,"y":0.6555029153823853,"z":-0.1174907386302948,"w":-0.7343552708625794},"size":2.855184316635132,"orthographic":false}