{"cameraMode":{"drawMode":0,"name":"Shaded","section":"Shading Mode"},"sceneLighting":false,"audioPlay":false,"sceneViewState":{"m_AlwaysRefresh":false,"showFog":true,"showSkybox":false,"showFlares":true,"showImageEffects":true,"showParticleSystems":true,"showVisualEffectGraphs":true,"m_FxEnabled":true},"in2DMode":false,"pivot":{"x":0.13889789581298829,"y":-0.36789870262145998,"z":-0.34726089239120486},"rotation":{"x":-0.11139728128910065,"y":-0.7885981202125549,"z":0.1498427391052246,"w":-0.5859442949295044},"size":1.6695771217346192,"orthographic":false}